10-digit PSGC,Name,Geographic Level
1300000000,National Capital Region (NCR),REGION
1380100000,City of Caloocan,HUC
1380200000,City of Las Piñas,HUC
1380300000,City of Makati,HUC
1380400000,City of Malabon,HUC
1380500000,City of Mandaluyong,HUC
1380600000,City of Manila,HUC
1380700000,City of Marikina,HUC
1380800000,City of Muntinlupa,HUC
1380900000,City of Navotas,HUC
1381000000,City of Parañaque,HUC
1381100000,Pasay City,HUC
1381200000,City of Pasig,HUC
1381300000,Quezon City,HUC
1381400000,City of San Juan,HUC
1381500000,City of Taguig,HUC
1381600000,City of Valenzuela,HUC
1381701000,Pateros,HUC
1400000000,Cordillera Administrative Region (CAR),HUC
1400100000,Abra,HUC
1400101000,Bangued ,HUC
1400102000,Boliney,HUC
1400103000,Bucay,HUC
1400104000,Bucloc,HUC
1400105000,Daguioman,HUC
1400106000,Danglas,HUC
1400107000,Dolores,HUC
1400108000,La Paz,HUC
1400109000,Lacub,HUC
1400110000,Lagangilang,HUC
1400111000,Lagayan,HUC
1400112000,Langiden,HUC
1400113000,Licuan-Baay,HUC
1400114000,Luba,HUC
1400115000,Malibcong,MUNICIPALITY
1400116000,Manabo,MUNICIPALITY
1400117000,Peñarrubia,MUNICIPALITY
1400118000,Pidigan,MUNICIPALITY
1400119000,Pilar,MUNICIPALITY
1400120000,Sallapadan,MUNICIPALITY
1400121000,San Isidro,MUNICIPALITY
1400122000,San Juan,MUNICIPALITY
1400123000,San Quintin,MUNICIPALITY
1400124000,Tayum,MUNICIPALITY
1400125000,Tineg,MUNICIPALITY
1400126000,Tubo,MUNICIPALITY
1400127000,Villaviciosa,MUNICIPALITY
1401100000,Benguet,PROVINCE
1401101000,Atok,MUNICIPALITY
1401103000,Bakun,MUNICIPALITY
1401104000,Bokod,MUNICIPALITY
1401105000,Buguias,MUNICIPALITY
1401106000,Itogon,MUNICIPALITY
1401107000,Kabayan,MUNICIPALITY
1401108000,Kapangan,MUNICIPALITY
1401109000,Kibungan,MUNICIPALITY
1401110000,La Trinidad ,MUNICIPALITY
1401111000,Mankayan,MUNICIPALITY
1401112000,Sablan,MUNICIPALITY
1401113000,Tuba,MUNICIPALITY
1401114000,Tublay,MUNICIPALITY
1402700000,Ifugao,PROVINCE
1402701000,Banaue,MUNICIPALITY
1402702000,Hungduan,MUNICIPALITY
1402703000,Kiangan,MUNICIPALITY
1402704000,Lagawe ,MUNICIPALITY
1402705000,Lamut,MUNICIPALITY
1402706000,Mayoyao,MUNICIPALITY
1402707000,Alfonso Lista,MUNICIPALITY
1402708000,Aguinaldo,MUNICIPALITY
1402709000,Hingyon,MUNICIPALITY
1402710000,Tinoc,MUNICIPALITY
1402711000,Asipulo,MUNICIPALITY
1403200000,Kalinga,PROVINCE
1403201000,Balbalan,MUNICIPALITY
1403206000,Lubuagan,MUNICIPALITY
1403208000,Pasil,MUNICIPALITY
1403209000,Pinukpuk,MUNICIPALITY
1403211000,Rizal,MUNICIPALITY
1403213000,City of Tabuk ,CITY
1403214000,Tanudan,MUNICIPALITY
1403215000,Tinglayan,MUNICIPALITY
1404400000,Mountain Province,PROVINCE
1404401000,Barlig,MUNICIPALITY
1404402000,Bauko,MUNICIPALITY
1404403000,Besao,MUNICIPALITY
1404404000,Bontoc ,MUNICIPALITY
1404405000,Natonin,MUNICIPALITY
1404406000,Paracelis,MUNICIPALITY
1404407000,Sabangan,MUNICIPALITY
1404408000,Sadanga,MUNICIPALITY
1404409000,Sagada,MUNICIPALITY
1404410000,Tadian,MUNICIPALITY
1408100000,Apayao,PROVINCE
1408101000,Calanasan,MUNICIPALITY
1408102000,Conner,MUNICIPALITY
1408103000,Flora,MUNICIPALITY
1408104000,Kabugao ,MUNICIPALITY
1408105000,Luna,MUNICIPALITY
1408106000,Pudtol,MUNICIPALITY
1408107000,Santa Marcela,MUNICIPALITY
1430300000,City of Baguio,HUC
100000000,Region I (Ilocos Region),REGION
102800000,Ilocos Norte,PROVINCE
102801000,Adams,MUNICIPALITY
102802000,Bacarra,MUNICIPALITY
102803000,Badoc,MUNICIPALITY
102804000,Bangui,MUNICIPALITY
102805000,City of Batac,CITY
102806000,Burgos,MUNICIPALITY
102807000,Carasi,MUNICIPALITY
102808000,Currimao,MUNICIPALITY
102809000,Dingras,MUNICIPALITY
102810000,Dumalneg,MUNICIPALITY
102811000,Banna,MUNICIPALITY
102812000,City of Laoag ,CITY
102813000,Marcos,MUNICIPALITY
102814000,Nueva Era,MUNICIPALITY
102815000,Pagudpud,MUNICIPALITY
102816000,Paoay,MUNICIPALITY
102817000,Pasuquin,MUNICIPALITY
102818000,Piddig,MUNICIPALITY
102819000,Pinili,MUNICIPALITY
102820000,San Nicolas,MUNICIPALITY
102821000,Sarrat,MUNICIPALITY
102822000,Solsona,MUNICIPALITY
102823000,Vintar,MUNICIPALITY
102900000,Ilocos Sur,PROVINCE
102901000,Alilem,MUNICIPALITY
102902000,Banayoyo,MUNICIPALITY
102903000,Bantay,MUNICIPALITY
102904000,Burgos,MUNICIPALITY
102905000,Cabugao,MUNICIPALITY
102906000,City of Candon,CITY
102907000,Caoayan,MUNICIPALITY
102908000,Cervantes,MUNICIPALITY
102909000,Galimuyod,MUNICIPALITY
102910000,Gregorio del Pilar,MUNICIPALITY
102911000,Lidlidda,MUNICIPALITY
102912000,Magsingal,MUNICIPALITY
102913000,Nagbukel,MUNICIPALITY
102914000,Narvacan,MUNICIPALITY
102915000,Quirino,MUNICIPALITY
102916000,Salcedo,MUNICIPALITY
102917000,San Emilio,MUNICIPALITY
102918000,San Esteban,MUNICIPALITY
102919000,San Ildefonso,MUNICIPALITY
102920000,San Juan,MUNICIPALITY
102921000,San Vicente,MUNICIPALITY
102922000,Santa,MUNICIPALITY
102923000,Santa Catalina,MUNICIPALITY
102924000,Santa Cruz,MUNICIPALITY
102925000,Santa Lucia,MUNICIPALITY
102926000,Santa Maria,MUNICIPALITY
102927000,Santiago,MUNICIPALITY
102928000,Santo Domingo,MUNICIPALITY
102929000,Sigay,MUNICIPALITY
102930000,Sinait,MUNICIPALITY
102931000,Sugpon,MUNICIPALITY
102932000,Suyo,MUNICIPALITY
102933000,Tagudin,MUNICIPALITY
102934000,City of Vigan ,CITY
103300000,La Union,PROVINCE
103301000,Agoo,MUNICIPALITY
103302000,Aringay,MUNICIPALITY
103303000,Bacnotan,MUNICIPALITY
103304000,Bagulin,MUNICIPALITY
103305000,Balaoan,MUNICIPALITY
103306000,Bangar,MUNICIPALITY
103307000,Bauang,MUNICIPALITY
103308000,Burgos,MUNICIPALITY
103309000,Caba,MUNICIPALITY
103310000,Luna,MUNICIPALITY
103311000,Naguilian,MUNICIPALITY
103312000,Pugo,MUNICIPALITY
103313000,Rosario,MUNICIPALITY
103314000,City of San Fernando ,CITY
103315000,San Gabriel,MUNICIPALITY
103316000,San Juan,MUNICIPALITY
103317000,Santo Tomas,MUNICIPALITY
103318000,Santol,MUNICIPALITY
103319000,Sudipen,MUNICIPALITY
103320000,Tubao,MUNICIPALITY
105500000,Pangasinan,PROVINCE
105501000,Agno,MUNICIPALITY
105502000,Aguilar,MUNICIPALITY
105503000,City of Alaminos,CITY
105504000,Alcala,MUNICIPALITY
105505000,Anda,MUNICIPALITY
105506000,Asingan,MUNICIPALITY
105507000,Balungao,MUNICIPALITY
105508000,Bani,MUNICIPALITY
105509000,Basista,MUNICIPALITY
105510000,Bautista,MUNICIPALITY
105511000,Bayambang,MUNICIPALITY
105512000,Binalonan,MUNICIPALITY
105513000,Binmaley,MUNICIPALITY
105514000,Bolinao,MUNICIPALITY
105515000,Bugallon,MUNICIPALITY
105516000,Burgos,MUNICIPALITY
105517000,Calasiao,MUNICIPALITY
105518000,City of Dagupan,CITY
105519000,Dasol,MUNICIPALITY
105520000,Infanta,MUNICIPALITY
105521000,Labrador,MUNICIPALITY
105522000,Lingayen ,MUNICIPALITY
105523000,Mabini,MUNICIPALITY
105524000,Malasiqui,MUNICIPALITY
105525000,Manaoag,MUNICIPALITY
105526000,Mangaldan,MUNICIPALITY
105527000,Mangatarem,MUNICIPALITY
105528000,Mapandan,MUNICIPALITY
105529000,Natividad,MUNICIPALITY
105530000,Pozorrubio,MUNICIPALITY
105531000,Rosales,MUNICIPALITY
105532000,City of San Carlos,CITY
105533000,San Fabian,MUNICIPALITY
105534000,San Jacinto,MUNICIPALITY
105535000,San Manuel,MUNICIPALITY
105536000,San Nicolas,MUNICIPALITY
105537000,San Quintin,MUNICIPALITY
105538000,Santa Barbara,MUNICIPALITY
105539000,Santa Maria,MUNICIPALITY
105540000,Santo Tomas,MUNICIPALITY
105541000,Sison,MUNICIPALITY
105542000,Sual,MUNICIPALITY
105543000,Tayug,MUNICIPALITY
105544000,Umingan,MUNICIPALITY
105545000,Urbiztondo,MUNICIPALITY
105546000,City of Urdaneta,CITY
105547000,Villasis,MUNICIPALITY
105548000,Laoac,MUNICIPALITY
200000000,Region II (Cagayan Valley),REGION
200900000,Batanes,PROVINCE
200901000,Basco ,MUNICIPALITY
200902000,Itbayat,MUNICIPALITY
200903000,Ivana,MUNICIPALITY
200904000,Mahatao,MUNICIPALITY
200905000,Sabtang,MUNICIPALITY
200906000,Uyugan,MUNICIPALITY
201500000,Cagayan,PROVINCE
201501000,Abulug,MUNICIPALITY
201502000,Alcala,MUNICIPALITY
201503000,Allacapan,MUNICIPALITY
201504000,Amulung,MUNICIPALITY
201505000,Aparri,MUNICIPALITY
201506000,Baggao,MUNICIPALITY
201507000,Ballesteros,MUNICIPALITY
201508000,Buguey,MUNICIPALITY
201509000,Calayan,MUNICIPALITY
201510000,Camalaniugan,MUNICIPALITY
201511000,Claveria,MUNICIPALITY
201512000,Enrile,MUNICIPALITY
201513000,Gattaran,MUNICIPALITY
201514000,Gonzaga,MUNICIPALITY
201515000,Iguig,MUNICIPALITY
201516000,Lal-Lo,MUNICIPALITY
201517000,Lasam,MUNICIPALITY
201518000,Pamplona,MUNICIPALITY
201519000,Peñablanca,MUNICIPALITY
201520000,Piat,MUNICIPALITY
201521000,Rizal,MUNICIPALITY
201522000,Sanchez-Mira,MUNICIPALITY
201523000,Santa Ana,MUNICIPALITY
201524000,Santa Praxedes,MUNICIPALITY
201525000,Santa Teresita,MUNICIPALITY
201526000,Santo Niño,MUNICIPALITY
201527000,Solana,MUNICIPALITY
201528000,Tuao,MUNICIPALITY
201529000,Tuguegarao City ,CITY
203100000,Isabela,PROVINCE
203101000,Alicia,MUNICIPALITY
203102000,Angadanan,MUNICIPALITY
203103000,Aurora,MUNICIPALITY
203104000,Benito Soliven,MUNICIPALITY
203105000,Burgos,MUNICIPALITY
203106000,Cabagan,MUNICIPALITY
203107000,Cabatuan,MUNICIPALITY
203108000,City of Cauayan,CITY
203109000,Cordon,MUNICIPALITY
203110000,Dinapigue,MUNICIPALITY
203111000,Divilacan,MUNICIPALITY
203112000,Echague,MUNICIPALITY
203113000,Gamu,MUNICIPALITY
203114000,City of Ilagan ,CITY
203115000,Jones,MUNICIPALITY
203116000,Luna,MUNICIPALITY
203117000,Maconacon,MUNICIPALITY
203118000,Delfin Albano,MUNICIPALITY
203119000,Mallig,MUNICIPALITY
203120000,Naguilian,MUNICIPALITY
203121000,Palanan,MUNICIPALITY
203122000,Quezon,MUNICIPALITY
203123000,Quirino,MUNICIPALITY
203124000,Ramon,MUNICIPALITY
203125000,Reina Mercedes,MUNICIPALITY
203126000,Roxas,MUNICIPALITY
203127000,San Agustin,MUNICIPALITY
203128000,San Guillermo,MUNICIPALITY
203129000,San Isidro,MUNICIPALITY
203130000,San Manuel,MUNICIPALITY
203131000,San Mariano,MUNICIPALITY
203132000,San Mateo,MUNICIPALITY
203133000,San Pablo,MUNICIPALITY
203134000,Santa Maria,MUNICIPALITY
203135000,City of Santiago,CITY
203136000,Santo Tomas,MUNICIPALITY
203137000,Tumauini,MUNICIPALITY
205000000,Nueva Vizcaya,PROVINCE
205001000,Ambaguio,MUNICIPALITY
205002000,Aritao,MUNICIPALITY
205003000,Bagabag,MUNICIPALITY
205004000,Bambang,MUNICIPALITY
205005000,Bayombong ,MUNICIPALITY
205006000,Diadi,MUNICIPALITY
205007000,Dupax del Norte,MUNICIPALITY
205008000,Dupax del Sur,MUNICIPALITY
205009000,Kasibu,MUNICIPALITY
205010000,Kayapa,MUNICIPALITY
205011000,Quezon,MUNICIPALITY
205012000,Santa Fe,MUNICIPALITY
205013000,Solano,MUNICIPALITY
205014000,Villaverde,MUNICIPALITY
205015000,Alfonso Castaneda,MUNICIPALITY
205700000,Quirino,PROVINCE
205701000,Aglipay,MUNICIPALITY
205702000,Cabarroguis ,MUNICIPALITY
205703000,Diffun,MUNICIPALITY
205704000,Maddela,MUNICIPALITY
205705000,Saguday,MUNICIPALITY
205706000,Nagtipunan,MUNICIPALITY
300000000,Region III (Central Luzon),REGION
300800000,Bataan,PROVINCE
300801000,Abucay,MUNICIPALITY
300802000,Bagac,MUNICIPALITY
300803000,City of Balanga ,CITY
300804000,Dinalupihan,MUNICIPALITY
300805000,Hermosa,MUNICIPALITY
300806000,Limay,MUNICIPALITY
300807000,Mariveles,MUNICIPALITY
300808000,Morong,MUNICIPALITY
300809000,Orani,MUNICIPALITY
300810000,Orion,MUNICIPALITY
300811000,Pilar,MUNICIPALITY
300812000,Samal,MUNICIPALITY
301400000,Bulacan,PROVINCE
301401000,Angat,MUNICIPALITY
301402000,Balagtas,MUNICIPALITY
301403000,City of Baliwag,CITY
301404000,Bocaue,MUNICIPALITY
301405000,Bulacan,MUNICIPALITY
301406000,Bustos,MUNICIPALITY
301407000,Calumpit,MUNICIPALITY
301408000,Guiguinto,MUNICIPALITY
301409000,Hagonoy,MUNICIPALITY
301410000,City of Malolos ,CITY
301411000,Marilao,MUNICIPALITY
301412000,City of Meycauayan,CITY
301413000,Norzagaray,MUNICIPALITY
301414000,Obando,MUNICIPALITY
301415000,Pandi,MUNICIPALITY
301416000,Paombong,MUNICIPALITY
301417000,Plaridel,MUNICIPALITY
301418000,Pulilan,MUNICIPALITY
301419000,San Ildefonso,MUNICIPALITY
301420000,City of San Jose Del Monte,CITY
301421000,San Miguel,MUNICIPALITY
301422000,San Rafael,MUNICIPALITY
301423000,Santa Maria,MUNICIPALITY
301424000,Doña Remedios Trinidad,MUNICIPALITY
304900000,Nueva Ecija,PROVINCE
304901000,Aliaga,MUNICIPALITY
304902000,Bongabon,MUNICIPALITY
304903000,City of Cabanatuan,CITY
304904000,Cabiao,MUNICIPALITY
304905000,Carranglan,MUNICIPALITY
304906000,Cuyapo,MUNICIPALITY
304907000,Gabaldon,MUNICIPALITY
304908000,City of Gapan,CITY
304909000,General Mamerto Natividad,MUNICIPALITY
304910000,General Tinio,MUNICIPALITY
304911000,Guimba,MUNICIPALITY
304912000,Jaen,MUNICIPALITY
304913000,Laur,MUNICIPALITY
304914000,Licab,MUNICIPALITY
304915000,Llanera,MUNICIPALITY
304916000,Lupao,MUNICIPALITY
304917000,Science City of Muñoz,CITY
304918000,Nampicuan,MUNICIPALITY
304919000,City of Palayan ,CITY
304920000,Pantabangan,MUNICIPALITY
304921000,Peñaranda,MUNICIPALITY
304922000,Quezon,MUNICIPALITY
304923000,Rizal,MUNICIPALITY
304924000,San Antonio,MUNICIPALITY
304925000,San Isidro,MUNICIPALITY
304926000,San Jose City,CITY
304927000,San Leonardo,MUNICIPALITY
304928000,Santa Rosa,MUNICIPALITY
304929000,Santo Domingo,MUNICIPALITY
304930000,Talavera,MUNICIPALITY
304931000,Talugtug,MUNICIPALITY
304932000,Zaragoza,MUNICIPALITY
305400000,Pampanga,PROVINCE
305402000,Apalit,MUNICIPALITY
305403000,Arayat,MUNICIPALITY
305404000,Bacolor,MUNICIPALITY
305405000,Candaba,MUNICIPALITY
305406000,Floridablanca,MUNICIPALITY
305407000,Guagua,MUNICIPALITY
305408000,Lubao,MUNICIPALITY
305409000,Mabalacat City,CITY
305410000,Macabebe,MUNICIPALITY
305411000,Magalang,MUNICIPALITY
305412000,Masantol,MUNICIPALITY
305413000,Mexico,MUNICIPALITY
305414000,Minalin,MUNICIPALITY
305415000,Porac,MUNICIPALITY
305416000,City of San Fernando ,CITY
305417000,San Luis,MUNICIPALITY
305418000,San Simon,MUNICIPALITY
305419000,Santa Ana,MUNICIPALITY
305420000,Santa Rita,MUNICIPALITY
305421000,Sto. Tomas,MUNICIPALITY
305422000,Sasmuan,MUNICIPALITY
306900000,Tarlac,PROVINCE
306901000,Anao,MUNICIPALITY
306902000,Bamban,MUNICIPALITY
306903000,Camiling,MUNICIPALITY
306904000,Capas,MUNICIPALITY
306905000,Concepcion,MUNICIPALITY
306906000,Gerona,MUNICIPALITY
306907000,La Paz,MUNICIPALITY
306908000,Mayantoc,MUNICIPALITY
306909000,Moncada,MUNICIPALITY
306910000,Paniqui,MUNICIPALITY
306911000,Pura,MUNICIPALITY
306912000,Ramos,MUNICIPALITY
306913000,San Clemente,MUNICIPALITY
306914000,San Manuel,MUNICIPALITY
306915000,Santa Ignacia,MUNICIPALITY
306916000,City of Tarlac ,CITY
306917000,Victoria,MUNICIPALITY
306918000,San Jose,MUNICIPALITY
307100000,Zambales,PROVINCE
307101000,Botolan,MUNICIPALITY
307102000,Cabangan,MUNICIPALITY
307103000,Candelaria,MUNICIPALITY
307104000,Castillejos,MUNICIPALITY
307105000,Iba ,MUNICIPALITY
307106000,Masinloc,MUNICIPALITY
307108000,Palauig,MUNICIPALITY
307109000,San Antonio,MUNICIPALITY
307110000,San Felipe,MUNICIPALITY
307111000,San Marcelino,MUNICIPALITY
307112000,San Narciso,MUNICIPALITY
307113000,Santa Cruz,MUNICIPALITY
307114000,Subic,MUNICIPALITY
307700000,Aurora,PROVINCE
307701000,Baler ,MUNICIPALITY
307702000,Casiguran,MUNICIPALITY
307703000,Dilasag,MUNICIPALITY
307704000,Dinalungan,MUNICIPALITY
307705000,Dingalan,MUNICIPALITY
307706000,Dipaculao,MUNICIPALITY
307707000,Maria Aurora,MUNICIPALITY
307708000,San Luis,MUNICIPALITY
330100000,City of Angeles,HUC
331400000,City of Olongapo,HUC
400000000,Region IV-A (CALABARZON),REGION
401000000,Batangas,PROVINCE
401001000,Agoncillo,MUNICIPALITY
401002000,Alitagtag,MUNICIPALITY
401003000,Balayan,MUNICIPALITY
401004000,Balete,MUNICIPALITY
401005000,Batangas City ,CITY
401006000,Bauan,MUNICIPALITY
401007000,City of Calaca,CITY
401008000,Calatagan,MUNICIPALITY
401009000,Cuenca,MUNICIPALITY
401010000,Ibaan,MUNICIPALITY
401011000,Laurel,MUNICIPALITY
401012000,Lemery,MUNICIPALITY
401013000,Lian,MUNICIPALITY
401014000,City of Lipa,CITY
401015000,Lobo,MUNICIPALITY
401016000,Mabini,MUNICIPALITY
401017000,Malvar,MUNICIPALITY
401018000,Mataasnakahoy,MUNICIPALITY
401019000,Nasugbu,MUNICIPALITY
401020000,Padre Garcia,MUNICIPALITY
401021000,Rosario,MUNICIPALITY
401022000,San Jose,MUNICIPALITY
401023000,San Juan,MUNICIPALITY
401024000,San Luis,MUNICIPALITY
401025000,San Nicolas,MUNICIPALITY
401026000,San Pascual,MUNICIPALITY
401027000,Santa Teresita,MUNICIPALITY
401028000,City of Sto. Tomas,CITY
401029000,Taal,MUNICIPALITY
401030000,Talisay,MUNICIPALITY
401031000,City of Tanauan,CITY
401032000,Taysan,MUNICIPALITY
401033000,Tingloy,MUNICIPALITY
401034000,Tuy,MUNICIPALITY
402100000,Cavite,PROVINCE
402101000,Alfonso,MUNICIPALITY
402102000,Amadeo,MUNICIPALITY
402103000,City of Bacoor,CITY
402104000,City of Carmona,CITY
402105000,City of Cavite,CITY
402106000,City of Dasmariñas,CITY
402107000,General Emilio Aguinaldo,MUNICIPALITY
402108000,City of General Trias,CITY
402109000,City of Imus,CITY
402110000,Indang,MUNICIPALITY
402111000,Kawit,MUNICIPALITY
402112000,Magallanes,MUNICIPALITY
402113000,Maragondon,MUNICIPALITY
402114000,Mendez,MUNICIPALITY
402115000,Naic,MUNICIPALITY
402116000,Noveleta,MUNICIPALITY
402117000,Rosario,MUNICIPALITY
402118000,Silang,MUNICIPALITY
402119000,City of Tagaytay,CITY
402120000,Tanza,MUNICIPALITY
402121000,Ternate,MUNICIPALITY
402122000,City of Trece Martires ,CITY
402123000,Gen. Mariano Alvarez,MUNICIPALITY
403400000,Laguna,PROVINCE
403401000,Alaminos,MUNICIPALITY
403402000,Bay,MUNICIPALITY
403403000,City of Biñan,CITY
403404000,City of Cabuyao,CITY
403405000,City of Calamba,CITY
403406000,Calauan,MUNICIPALITY
403407000,Cavinti,MUNICIPALITY
403408000,Famy,MUNICIPALITY
403409000,Kalayaan,MUNICIPALITY
403410000,Liliw,MUNICIPALITY
403411000,Los Baños,MUNICIPALITY
403412000,Luisiana,MUNICIPALITY
403413000,Lumban,MUNICIPALITY
403414000,Mabitac,MUNICIPALITY
403415000,Magdalena,MUNICIPALITY
403416000,Majayjay,MUNICIPALITY
403417000,Nagcarlan,MUNICIPALITY
403418000,Paete,MUNICIPALITY
403419000,Pagsanjan,MUNICIPALITY
403420000,Pakil,MUNICIPALITY
403421000,Pangil,MUNICIPALITY
403422000,Pila,MUNICIPALITY
403423000,Rizal,MUNICIPALITY
403424000,City of San Pablo,CITY
403425000,City of San Pedro,CITY
403426000,Santa Cruz ,MUNICIPALITY
403427000,Santa Maria,MUNICIPALITY
403428000,City of Santa Rosa,CITY
403429000,Siniloan,MUNICIPALITY
403430000,Victoria,MUNICIPALITY
405600000,Quezon,PROVINCE
405601000,Agdangan,MUNICIPALITY
405602000,Alabat,MUNICIPALITY
405603000,Atimonan,MUNICIPALITY
405605000,Buenavista,MUNICIPALITY
405606000,Burdeos,MUNICIPALITY
405607000,Calauag,MUNICIPALITY
405608000,Candelaria,MUNICIPALITY
405610000,Catanauan,MUNICIPALITY
405615000,Dolores,MUNICIPALITY
405616000,General Luna,MUNICIPALITY
405617000,General Nakar,MUNICIPALITY
405618000,Guinayangan,MUNICIPALITY
405619000,Gumaca,MUNICIPALITY
405620000,Infanta,MUNICIPALITY
405621000,Jomalig,MUNICIPALITY
405622000,Lopez,MUNICIPALITY
405623000,Lucban,MUNICIPALITY
405625000,Macalelon,MUNICIPALITY
405627000,Mauban,MUNICIPALITY
405628000,Mulanay,MUNICIPALITY
405629000,Padre Burgos,MUNICIPALITY
405630000,Pagbilao,MUNICIPALITY
405631000,Panukulan,MUNICIPALITY
405632000,Patnanungan,MUNICIPALITY
405633000,Perez,MUNICIPALITY
405634000,Pitogo,MUNICIPALITY
405635000,Plaridel,MUNICIPALITY
405636000,Polillo,MUNICIPALITY
405637000,Quezon,MUNICIPALITY
405638000,Real,MUNICIPALITY
405639000,Sampaloc,MUNICIPALITY
405640000,San Andres,MUNICIPALITY
405641000,San Antonio,MUNICIPALITY
405642000,San Francisco,MUNICIPALITY
405644000,San Narciso,MUNICIPALITY
405645000,Sariaya,MUNICIPALITY
405646000,Tagkawayan,MUNICIPALITY
405647000,City of Tayabas,CITY
405648000,Tiaong,MUNICIPALITY
405649000,Unisan,MUNICIPALITY
405800000,Rizal,PROVINCE
405801000,Angono,MUNICIPALITY
405802000,City of Antipolo ,CITY
405803000,Baras,MUNICIPALITY
405804000,Binangonan,MUNICIPALITY
405805000,Cainta,MUNICIPALITY
405806000,Cardona,MUNICIPALITY
405807000,Jala-Jala,MUNICIPALITY
405808000,Rodriguez,MUNICIPALITY
405809000,Morong,MUNICIPALITY
405810000,Pililla,MUNICIPALITY
405811000,San Mateo,MUNICIPALITY
405812000,Tanay,MUNICIPALITY
405813000,Taytay,MUNICIPALITY
405814000,Teresa,MUNICIPALITY
431200000,City of Lucena ,HUC
1700000000,MIMAROPA Region,REGION
1704000000,Marinduque,PROVINCE
1704001000,Boac ,MUNICIPALITY
1704002000,Buenavista,MUNICIPALITY
1704003000,Gasan,MUNICIPALITY
1704004000,Mogpog,MUNICIPALITY
1704005000,Santa Cruz,MUNICIPALITY
1704006000,Torrijos,MUNICIPALITY
1705100000,Occidental Mindoro,PROVINCE
1705101000,Abra De Ilog,MUNICIPALITY
1705102000,Calintaan,MUNICIPALITY
1705103000,Looc,MUNICIPALITY
1705104000,Lubang,MUNICIPALITY
1705105000,Magsaysay,MUNICIPALITY
1705106000,Mamburao ,MUNICIPALITY
1705107000,Paluan,MUNICIPALITY
1705108000,Rizal,MUNICIPALITY
1705109000,Sablayan,MUNICIPALITY
1705110000,San Jose,MUNICIPALITY
1705111000,Santa Cruz,MUNICIPALITY
1705200000,Oriental Mindoro,PROVINCE
1705201000,Baco,MUNICIPALITY
1705202000,Bansud,MUNICIPALITY
1705203000,Bongabong,MUNICIPALITY
1705204000,Bulalacao,MUNICIPALITY
1705205000,City of Calapan ,CITY
1705206000,Gloria,MUNICIPALITY
1705207000,Mansalay,MUNICIPALITY
1705208000,Naujan,MUNICIPALITY
1705209000,Pinamalayan,MUNICIPALITY
1705210000,Pola,MUNICIPALITY
1705211000,Puerto Galera,MUNICIPALITY
1705212000,Roxas,MUNICIPALITY
1705213000,San Teodoro,MUNICIPALITY
1705214000,Socorro,MUNICIPALITY
1705215000,Victoria,MUNICIPALITY
1705300000,Palawan,PROVINCE
1705301000,Aborlan,MUNICIPALITY
1705302000,Agutaya,MUNICIPALITY
1705303000,Araceli,MUNICIPALITY
1705304000,Balabac,MUNICIPALITY
1705305000,Bataraza,MUNICIPALITY
1705306000,Brooke's Point,MUNICIPALITY
1705307000,Busuanga,MUNICIPALITY
1705308000,Cagayancillo,MUNICIPALITY
1705309000,Coron,MUNICIPALITY
1705310000,Cuyo,MUNICIPALITY
1705311000,Dumaran,MUNICIPALITY
1705312000,El Nido,MUNICIPALITY
1705313000,Linapacan,MUNICIPALITY
1705314000,Magsaysay,MUNICIPALITY
1705315000,Narra,MUNICIPALITY
1705317000,Quezon,MUNICIPALITY
1705318000,Roxas,MUNICIPALITY
1705319000,San Vicente,MUNICIPALITY
1705320000,Taytay,MUNICIPALITY
1705321000,Kalayaan,MUNICIPALITY
1705322000,Culion,MUNICIPALITY
1705323000,Dr. Jose P. Rizal,MUNICIPALITY
1705324000,Sofronio Española,MUNICIPALITY
1705900000,Romblon,PROVINCE
1705901000,Alcantara,MUNICIPALITY
1705902000,Banton,MUNICIPALITY
1705903000,Cajidiocan,MUNICIPALITY
1705904000,Calatrava,MUNICIPALITY
1705905000,Concepcion,MUNICIPALITY
1705906000,Corcuera,MUNICIPALITY
1705907000,Looc,MUNICIPALITY
1705908000,Magdiwang,MUNICIPALITY
1705909000,Odiongan,MUNICIPALITY
1705910000,Romblon ,MUNICIPALITY
1705911000,San Agustin,MUNICIPALITY
1705912000,San Andres,MUNICIPALITY
1705913000,San Fernando,MUNICIPALITY
1705914000,San Jose,MUNICIPALITY
1705915000,Santa Fe,MUNICIPALITY
1705916000,Ferrol,MUNICIPALITY
1705917000,Santa Maria,MUNICIPALITY
1731500000,City of Puerto Princesa ,HUC
500000000,Region V (Bicol Region),REGION
500500000,Albay,PROVINCE
500501000,Bacacay,MUNICIPALITY
500502000,Camalig,MUNICIPALITY
500503000,Daraga,MUNICIPALITY
500504000,Guinobatan,MUNICIPALITY
500505000,Jovellar,MUNICIPALITY
500506000,City of Legazpi ,CITY
500507000,Libon,MUNICIPALITY
500508000,City of Ligao,CITY
500509000,Malilipot,MUNICIPALITY
500510000,Malinao,MUNICIPALITY
500511000,Manito,MUNICIPALITY
500512000,Oas,MUNICIPALITY
500513000,Pio Duran,MUNICIPALITY
500514000,Polangui,MUNICIPALITY
500515000,Rapu-Rapu,MUNICIPALITY
500516000,Santo Domingo,MUNICIPALITY
500517000,City of Tabaco,CITY
500518000,Tiwi,MUNICIPALITY
501600000,Camarines Norte,PROVINCE
501601000,Basud,MUNICIPALITY
501602000,Capalonga,MUNICIPALITY
501603000,Daet ,MUNICIPALITY
501604000,San Lorenzo Ruiz,MUNICIPALITY
501605000,Jose Panganiban,MUNICIPALITY
501606000,Labo,MUNICIPALITY
501607000,Mercedes,MUNICIPALITY
501608000,Paracale,MUNICIPALITY
501609000,San Vicente,MUNICIPALITY
501610000,Santa Elena,MUNICIPALITY
501611000,Talisay,MUNICIPALITY
501612000,Vinzons,MUNICIPALITY
501700000,Camarines Sur,PROVINCE
501701000,Baao,MUNICIPALITY
501702000,Balatan,MUNICIPALITY
501703000,Bato,MUNICIPALITY
501704000,Bombon,MUNICIPALITY
501705000,Buhi,MUNICIPALITY
501706000,Bula,MUNICIPALITY
501707000,Cabusao,MUNICIPALITY
501708000,Calabanga,MUNICIPALITY
501709000,Camaligan,MUNICIPALITY
501710000,Canaman,MUNICIPALITY
501711000,Caramoan,MUNICIPALITY
501712000,Del Gallego,MUNICIPALITY
501713000,Gainza,MUNICIPALITY
501714000,Garchitorena,MUNICIPALITY
501715000,Goa,MUNICIPALITY
501716000,City of Iriga,CITY
501717000,Lagonoy,MUNICIPALITY
501718000,Libmanan,MUNICIPALITY
501719000,Lupi,MUNICIPALITY
501720000,Magarao,MUNICIPALITY
501721000,Milaor,MUNICIPALITY
501722000,Minalabac,MUNICIPALITY
501723000,Nabua,MUNICIPALITY
501724000,City of Naga,CITY
501725000,Ocampo,MUNICIPALITY
501726000,Pamplona,MUNICIPALITY
501727000,Pasacao,MUNICIPALITY
501728000,Pili ,MUNICIPALITY
501729000,Presentacion,MUNICIPALITY
501730000,Ragay,MUNICIPALITY
501731000,Sagñay,MUNICIPALITY
501732000,San Fernando,MUNICIPALITY
501733000,San Jose,MUNICIPALITY
501734000,Sipocot,MUNICIPALITY
501735000,Siruma,MUNICIPALITY
501736000,Tigaon,MUNICIPALITY
501737000,Tinambac,MUNICIPALITY
502000000,Catanduanes,PROVINCE
502001000,Bagamanoc,MUNICIPALITY
502002000,Baras,MUNICIPALITY
502003000,Bato,MUNICIPALITY
502004000,Caramoran,MUNICIPALITY
502005000,Gigmoto,MUNICIPALITY
502006000,Pandan,MUNICIPALITY
502007000,Panganiban,MUNICIPALITY
502008000,San Andres,MUNICIPALITY
502009000,San Miguel,MUNICIPALITY
502010000,Viga,MUNICIPALITY
502011000,Virac ,MUNICIPALITY
504100000,Masbate,PROVINCE
504101000,Aroroy,MUNICIPALITY
504102000,Baleno,MUNICIPALITY
504103000,Balud,MUNICIPALITY
504104000,Batuan,MUNICIPALITY
504105000,Cataingan,MUNICIPALITY
504106000,Cawayan,MUNICIPALITY
504107000,Claveria,MUNICIPALITY
504108000,Dimasalang,MUNICIPALITY
504109000,Esperanza,MUNICIPALITY
504110000,Mandaon,MUNICIPALITY
504111000,City of Masbate ,CITY
504112000,Milagros,MUNICIPALITY
504113000,Mobo,MUNICIPALITY
504114000,Monreal,MUNICIPALITY
504115000,Palanas,MUNICIPALITY
504116000,Pio V. Corpus,MUNICIPALITY
504117000,Placer,MUNICIPALITY
504118000,San Fernando,MUNICIPALITY
504119000,San Jacinto,MUNICIPALITY
504120000,San Pascual,MUNICIPALITY
504121000,Uson,MUNICIPALITY
506200000,Sorsogon,PROVINCE
506202000,Barcelona,MUNICIPALITY
506203000,Bulan,MUNICIPALITY
506204000,Bulusan,MUNICIPALITY
506205000,Casiguran,MUNICIPALITY
506206000,Castilla,MUNICIPALITY
506207000,Donsol,MUNICIPALITY
506208000,Gubat,MUNICIPALITY
506209000,Irosin,MUNICIPALITY
506210000,Juban,MUNICIPALITY
506211000,Magallanes,MUNICIPALITY
506212000,Matnog,MUNICIPALITY
506213000,Pilar,MUNICIPALITY
506214000,Prieto Diaz,MUNICIPALITY
506215000,Santa Magdalena,MUNICIPALITY
506216000,City of Sorsogon ,CITY
600000000,Region VI (Western Visayas),REGION
600400000,Aklan,PROVINCE
600401000,Altavas,MUNICIPALITY
600402000,Balete,MUNICIPALITY
600403000,Banga,MUNICIPALITY
600404000,Batan,MUNICIPALITY
600405000,Buruanga,MUNICIPALITY
600406000,Ibajay,MUNICIPALITY
600407000,Kalibo ,MUNICIPALITY
600408000,Lezo,MUNICIPALITY
600409000,Libacao,MUNICIPALITY
600410000,Madalag,MUNICIPALITY
600411000,Makato,MUNICIPALITY
600412000,Malay,MUNICIPALITY
600413000,Malinao,MUNICIPALITY
600414000,Nabas,MUNICIPALITY
600415000,New Washington,MUNICIPALITY
600416000,Numancia,MUNICIPALITY
600417000,Tangalan,MUNICIPALITY
600600000,Antique,PROVINCE
600601000,Anini-Y,MUNICIPALITY
600602000,Barbaza,MUNICIPALITY
600603000,Belison,MUNICIPALITY
600604000,Bugasong,MUNICIPALITY
600605000,Caluya,MUNICIPALITY
600606000,Culasi,MUNICIPALITY
600607000,Tobias Fornier,MUNICIPALITY
600608000,Hamtic,MUNICIPALITY
600609000,Laua-An,MUNICIPALITY
600610000,Libertad,MUNICIPALITY
600611000,Pandan,MUNICIPALITY
600612000,Patnongon,MUNICIPALITY
600613000,San Jose ,MUNICIPALITY
600614000,San Remigio,MUNICIPALITY
600615000,Sebaste,MUNICIPALITY
600616000,Sibalom,MUNICIPALITY
600617000,Tibiao,MUNICIPALITY
600618000,Valderrama,MUNICIPALITY
601900000,Capiz,PROVINCE
601901000,Cuartero,MUNICIPALITY
601902000,Dao,MUNICIPALITY
601903000,Dumalag,MUNICIPALITY
601904000,Dumarao,MUNICIPALITY
601905000,Ivisan,MUNICIPALITY
601906000,Jamindan,MUNICIPALITY
601907000,Ma-Ayon,MUNICIPALITY
601908000,Mambusao,MUNICIPALITY
601909000,Panay,MUNICIPALITY
601910000,Panitan,MUNICIPALITY
601911000,Pilar,MUNICIPALITY
601912000,Pontevedra,MUNICIPALITY
601913000,President Roxas,MUNICIPALITY
601914000,City of Roxas ,CITY
601915000,Sapi-An,MUNICIPALITY
601916000,Sigma,MUNICIPALITY
601917000,Tapaz,MUNICIPALITY
603000000,Iloilo,PROVINCE
603001000,Ajuy,MUNICIPALITY
603002000,Alimodian,MUNICIPALITY
603003000,Anilao,MUNICIPALITY
603004000,Badiangan,MUNICIPALITY
603005000,Balasan,MUNICIPALITY
603006000,Banate,MUNICIPALITY
603007000,Barotac Nuevo,MUNICIPALITY
603008000,Barotac Viejo,MUNICIPALITY
603009000,Batad,MUNICIPALITY
603010000,Bingawan,MUNICIPALITY
603012000,Cabatuan,MUNICIPALITY
603013000,Calinog,MUNICIPALITY
603014000,Carles,MUNICIPALITY
603015000,Concepcion,MUNICIPALITY
603016000,Dingle,MUNICIPALITY
603017000,Dueñas,MUNICIPALITY
603018000,Dumangas,MUNICIPALITY
603019000,Estancia,MUNICIPALITY
603020000,Guimbal,MUNICIPALITY
603021000,Igbaras,MUNICIPALITY
603023000,Janiuay,MUNICIPALITY
603025000,Lambunao,MUNICIPALITY
603026000,Leganes,MUNICIPALITY
603027000,Lemery,MUNICIPALITY
603028000,Leon,MUNICIPALITY
603029000,Maasin,MUNICIPALITY
603030000,Miagao,MUNICIPALITY
603031000,Mina,MUNICIPALITY
603032000,New Lucena,MUNICIPALITY
603034000,Oton,MUNICIPALITY
603035000,City of Passi,CITY
603036000,Pavia,MUNICIPALITY
603037000,Pototan,MUNICIPALITY
603038000,San Dionisio,MUNICIPALITY
603039000,San Enrique,MUNICIPALITY
603040000,San Joaquin,MUNICIPALITY
603041000,San Miguel,MUNICIPALITY
603042000,San Rafael,MUNICIPALITY
603043000,Santa Barbara,MUNICIPALITY
603044000,Sara,MUNICIPALITY
603045000,Tigbauan,MUNICIPALITY
603046000,Tubungan,MUNICIPALITY
603047000,Zarraga,MUNICIPALITY
607900000,Guimaras,PROVINCE
607901000,Buenavista,MUNICIPALITY
607902000,Jordan ,MUNICIPALITY
607903000,Nueva Valencia,MUNICIPALITY
607904000,San Lorenzo,MUNICIPALITY
607905000,Sibunag,MUNICIPALITY
631000000,City of Iloilo ,HUC
1800000000,Negros Island Region (NIR),REGION
1804500000,Negros Occidental,PROVINCE
1804502000,City of Bago,CITY
1804503000,Binalbagan,MUNICIPALITY
1804504000,City of Cadiz,CITY
1804505000,Calatrava,MUNICIPALITY
1804506000,Candoni,MUNICIPALITY
1804507000,Cauayan,MUNICIPALITY
1804508000,Enrique B. Magalona,MUNICIPALITY
1804509000,City of Escalante,CITY
1804510000,City of Himamaylan,CITY
1804511000,Hinigaran,MUNICIPALITY
1804512000,Hinoba-an,MUNICIPALITY
1804513000,Ilog,MUNICIPALITY
1804514000,Isabela,MUNICIPALITY
1804515000,City of Kabankalan,CITY
1804516000,City of La Carlota,CITY
1804517000,La Castellana,MUNICIPALITY
1804518000,Manapla,MUNICIPALITY
1804519000,Moises Padilla,MUNICIPALITY
1804520000,Murcia,MUNICIPALITY
1804521000,Pontevedra,MUNICIPALITY
1804522000,Pulupandan,MUNICIPALITY
1804523000,City of Sagay,CITY
1804524000,City of San Carlos,CITY
1804525000,San Enrique,MUNICIPALITY
1804526000,City of Silay,CITY
1804527000,City of Sipalay,CITY
1804528000,City of Talisay,CITY
1804529000,Toboso,MUNICIPALITY
1804530000,Valladolid,MUNICIPALITY
1804531000,City of Victorias,CITY
1804532000,Salvador Benedicto,MUNICIPALITY
1804600000,Negros Oriental,PROVINCE
1804601000,Amlan,MUNICIPALITY
1804602000,Ayungon,MUNICIPALITY
1804603000,Bacong,MUNICIPALITY
1804604000,City of Bais,CITY
1804605000,Basay,MUNICIPALITY
1804606000,City of Bayawan,CITY
1804607000,Bindoy,MUNICIPALITY
1804608000,City of Canlaon,CITY
1804609000,Dauin,MUNICIPALITY
1804610000,City of Dumaguete ,CITY
1804611000,City of Guihulngan,CITY
1804612000,Jimalalud,MUNICIPALITY
1804613000,La Libertad,MUNICIPALITY
1804614000,Mabinay,MUNICIPALITY
1804615000,Manjuyod,MUNICIPALITY
1804616000,Pamplona,MUNICIPALITY
1804617000,San Jose,MUNICIPALITY
1804618000,Santa Catalina,MUNICIPALITY
1804619000,Siaton,MUNICIPALITY
1804620000,Sibulan,MUNICIPALITY
1804621000,City of Tanjay,CITY
1804622000,Tayasan,MUNICIPALITY
1804623000,Valencia,MUNICIPALITY
1804624000,Vallehermoso,MUNICIPALITY
1804625000,Zamboanguita,MUNICIPALITY
1806100000,Siquijor,PROVINCE
1806101000,Enrique Villanueva,MUNICIPALITY
1806102000,Larena,MUNICIPALITY
1806103000,Lazi,MUNICIPALITY
1806104000,Maria,MUNICIPALITY
1806105000,San Juan,MUNICIPALITY
1806106000,Siquijor ,MUNICIPALITY
1830200000,City of Bacolod ,HUC
700000000,Region VII (Central Visayas),REGION
701200000,Bohol,PROVINCE
701201000,Alburquerque,MUNICIPALITY
701202000,Alicia,MUNICIPALITY
701203000,Anda,MUNICIPALITY
701204000,Antequera,MUNICIPALITY
701205000,Baclayon,MUNICIPALITY
701206000,Balilihan,MUNICIPALITY
701207000,Batuan,MUNICIPALITY
701208000,Bilar,MUNICIPALITY
701209000,Buenavista,MUNICIPALITY
701210000,Calape,MUNICIPALITY
701211000,Candijay,MUNICIPALITY
701212000,Carmen,MUNICIPALITY
701213000,Catigbian,MUNICIPALITY
701214000,Clarin,MUNICIPALITY
701215000,Corella,MUNICIPALITY
701216000,Cortes,MUNICIPALITY
701217000,Dagohoy,MUNICIPALITY
701218000,Danao,MUNICIPALITY
701219000,Dauis,MUNICIPALITY
701220000,Dimiao,MUNICIPALITY
701221000,Duero,MUNICIPALITY
701222000,Garcia Hernandez,MUNICIPALITY
701223000,Guindulman,MUNICIPALITY
701224000,Inabanga,MUNICIPALITY
701225000,Jagna,MUNICIPALITY
701226000,Getafe,MUNICIPALITY
701227000,Lila,MUNICIPALITY
701228000,Loay,MUNICIPALITY
701229000,Loboc,MUNICIPALITY
701230000,Loon,MUNICIPALITY
701231000,Mabini,MUNICIPALITY
701232000,Maribojoc,MUNICIPALITY
701233000,Panglao,MUNICIPALITY
701234000,Pilar,MUNICIPALITY
701235000,President Carlos P. Garcia,MUNICIPALITY
701236000,Sagbayan,MUNICIPALITY
701237000,San Isidro,MUNICIPALITY
701238000,San Miguel,MUNICIPALITY
701239000,Sevilla,MUNICIPALITY
701240000,Sierra Bullones,MUNICIPALITY
701241000,Sikatuna,MUNICIPALITY
701242000,City of Tagbilaran ,CITY
701243000,Talibon,MUNICIPALITY
701244000,Trinidad,MUNICIPALITY
701245000,Tubigon,MUNICIPALITY
701246000,Ubay,MUNICIPALITY
701247000,Valencia,MUNICIPALITY
701248000,Bien Unido,MUNICIPALITY
702200000,Cebu,PROVINCE
702201000,Alcantara,MUNICIPALITY
702202000,Alcoy,MUNICIPALITY
702203000,Alegria,MUNICIPALITY
702204000,Aloguinsan,MUNICIPALITY
702205000,Argao,MUNICIPALITY
702206000,Asturias,MUNICIPALITY
702207000,Badian,MUNICIPALITY
702208000,Balamban,MUNICIPALITY
702209000,Bantayan,MUNICIPALITY
702210000,Barili,MUNICIPALITY
702211000,City of Bogo,CITY
702212000,Boljoon,MUNICIPALITY
702213000,Borbon,MUNICIPALITY
702214000,City of Carcar,CITY
702215000,Carmen,MUNICIPALITY
702216000,Catmon,MUNICIPALITY
702218000,Compostela,MUNICIPALITY
702219000,Consolacion,MUNICIPALITY
702220000,Cordova,MUNICIPALITY
702221000,Daanbantayan,MUNICIPALITY
702222000,Dalaguete,MUNICIPALITY
702223000,Danao City,CITY
702224000,Dumanjug,MUNICIPALITY
702225000,Ginatilan,MUNICIPALITY
702227000,Liloan,MUNICIPALITY
702228000,Madridejos,MUNICIPALITY
702229000,Malabuyoc,MUNICIPALITY
702231000,Medellin,MUNICIPALITY
702232000,Minglanilla,MUNICIPALITY
702233000,Moalboal,MUNICIPALITY
702234000,City of Naga,CITY
702235000,Oslob,MUNICIPALITY
702236000,Pilar,MUNICIPALITY
702237000,Pinamungajan,MUNICIPALITY
702238000,Poro,MUNICIPALITY
702239000,Ronda,MUNICIPALITY
702240000,Samboan,MUNICIPALITY
702241000,San Fernando,MUNICIPALITY
702242000,San Francisco,MUNICIPALITY
702243000,San Remigio,MUNICIPALITY
702244000,Santa Fe,MUNICIPALITY
702245000,Santander,MUNICIPALITY
702246000,Sibonga,MUNICIPALITY
702247000,Sogod,MUNICIPALITY
702248000,Tabogon,MUNICIPALITY
702249000,Tabuelan,MUNICIPALITY
702250000,City of Talisay,CITY
702251000,City of Toledo,CITY
702252000,Tuburan,MUNICIPALITY
702253000,Tudela,MUNICIPALITY
730600000,City of Cebu ,HUC
731100000,City of Lapu-Lapu,HUC
731300000,City of Mandaue,HUC
800000000,Region VIII (Eastern Visayas),REGION
802600000,Eastern Samar,PROVINCE
802601000,Arteche,MUNICIPALITY
802602000,Balangiga,MUNICIPALITY
802603000,Balangkayan,MUNICIPALITY
802604000,City of Borongan ,CITY
802605000,Can-Avid,MUNICIPALITY
802606000,Dolores,MUNICIPALITY
802607000,General Macarthur,MUNICIPALITY
802608000,Giporlos,MUNICIPALITY
802609000,Guiuan,MUNICIPALITY
802610000,Hernani,MUNICIPALITY
802611000,Jipapad,MUNICIPALITY
802612000,Lawaan,MUNICIPALITY
802613000,Llorente,MUNICIPALITY
802614000,Maslog,MUNICIPALITY
802615000,Maydolong,MUNICIPALITY
802616000,Mercedes,MUNICIPALITY
802617000,Oras,MUNICIPALITY
802618000,Quinapondan,MUNICIPALITY
802619000,Salcedo,MUNICIPALITY
802620000,San Julian,MUNICIPALITY
802621000,San Policarpo,MUNICIPALITY
802622000,Sulat,MUNICIPALITY
802623000,Taft,MUNICIPALITY
803700000,Leyte,PROVINCE
803701000,Abuyog,MUNICIPALITY
803702000,Alangalang,MUNICIPALITY
803703000,Albuera,MUNICIPALITY
803705000,Babatngon,MUNICIPALITY
803706000,Barugo,MUNICIPALITY
803707000,Bato,MUNICIPALITY
803708000,City of Baybay,CITY
803710000,Burauen,MUNICIPALITY
803713000,Calubian,MUNICIPALITY
803714000,Capoocan,MUNICIPALITY
803715000,Carigara,MUNICIPALITY
803717000,Dagami,MUNICIPALITY
803718000,Dulag,MUNICIPALITY
803719000,Hilongos,MUNICIPALITY
803720000,Hindang,MUNICIPALITY
803721000,Inopacan,MUNICIPALITY
803722000,Isabel,MUNICIPALITY
803723000,Jaro,MUNICIPALITY
803724000,Javier,MUNICIPALITY
803725000,Julita,MUNICIPALITY
803726000,Kananga,MUNICIPALITY
803728000,La Paz,MUNICIPALITY
803729000,Leyte,MUNICIPALITY
803730000,Macarthur,MUNICIPALITY
803731000,Mahaplag,MUNICIPALITY
803733000,Matag-Ob,MUNICIPALITY
803734000,Matalom,MUNICIPALITY
803735000,Mayorga,MUNICIPALITY
803736000,Merida,MUNICIPALITY
803738000,Ormoc City,CITY
803739000,Palo,MUNICIPALITY
803740000,Palompon,MUNICIPALITY
803741000,Pastrana,MUNICIPALITY
803742000,San Isidro,MUNICIPALITY
803743000,San Miguel,MUNICIPALITY
803744000,Santa Fe,MUNICIPALITY
803745000,Tabango,MUNICIPALITY
803746000,Tabontabon,MUNICIPALITY
803748000,Tanauan,MUNICIPALITY
803749000,Tolosa,MUNICIPALITY
803750000,Tunga,MUNICIPALITY
803751000,Villaba,MUNICIPALITY
804800000,Northern Samar,PROVINCE
804801000,Allen,MUNICIPALITY
804802000,Biri,MUNICIPALITY
804803000,Bobon,MUNICIPALITY
804804000,Capul,MUNICIPALITY
804805000,Catarman ,MUNICIPALITY
804806000,Catubig,MUNICIPALITY
804807000,Gamay,MUNICIPALITY
804808000,Laoang,MUNICIPALITY
804809000,Lapinig,MUNICIPALITY
804810000,Las Navas,MUNICIPALITY
804811000,Lavezares,MUNICIPALITY
804812000,Mapanas,MUNICIPALITY
804813000,Mondragon,MUNICIPALITY
804814000,Palapag,MUNICIPALITY
804815000,Pambujan,MUNICIPALITY
804816000,Rosario,MUNICIPALITY
804817000,San Antonio,MUNICIPALITY
804818000,San Isidro,MUNICIPALITY
804819000,San Jose,MUNICIPALITY
804820000,San Roque,MUNICIPALITY
804821000,San Vicente,MUNICIPALITY
804822000,Silvino Lobos,MUNICIPALITY
804823000,Victoria,MUNICIPALITY
804824000,Lope De Vega,MUNICIPALITY
806000000,Samar,PROVINCE
806001000,Almagro,MUNICIPALITY
806002000,Basey,MUNICIPALITY
806003000,City of Calbayog,CITY
806004000,Calbiga,MUNICIPALITY
806005000,City of Catbalogan ,CITY
806006000,Daram,MUNICIPALITY
806007000,Gandara,MUNICIPALITY
806008000,Hinabangan,MUNICIPALITY
806009000,Jiabong,MUNICIPALITY
806010000,Marabut,MUNICIPALITY
806011000,Matuguinao,MUNICIPALITY
806012000,Motiong,MUNICIPALITY
806013000,Pinabacdao,MUNICIPALITY
806014000,San Jose De Buan,MUNICIPALITY
806015000,San Sebastian,MUNICIPALITY
806016000,Santa Margarita,MUNICIPALITY
806017000,Santa Rita,MUNICIPALITY
806018000,Santo Niño,MUNICIPALITY
806019000,Talalora,MUNICIPALITY
806020000,Tarangnan,MUNICIPALITY
806021000,Villareal,MUNICIPALITY
806022000,Paranas,MUNICIPALITY
806023000,Zumarraga,MUNICIPALITY
806024000,Tagapul-An,MUNICIPALITY
806025000,San Jorge,MUNICIPALITY
806026000,Pagsanghan,MUNICIPALITY
806400000,Southern Leyte,PROVINCE
806401000,Anahawan,MUNICIPALITY
806402000,Bontoc,MUNICIPALITY
806403000,Hinunangan,MUNICIPALITY
806404000,Hinundayan,MUNICIPALITY
806405000,Libagon,MUNICIPALITY
806406000,Liloan,MUNICIPALITY
806407000,City of Maasin ,CITY
806408000,Macrohon,MUNICIPALITY
806409000,Malitbog,MUNICIPALITY
806410000,Padre Burgos,MUNICIPALITY
806411000,Pintuyan,MUNICIPALITY
806412000,Saint Bernard,MUNICIPALITY
806413000,San Francisco,MUNICIPALITY
806414000,San Juan,MUNICIPALITY
806415000,San Ricardo,MUNICIPALITY
806416000,Silago,MUNICIPALITY
806417000,Sogod,MUNICIPALITY
806418000,Tomas Oppus,MUNICIPALITY
806419000,Limasawa,MUNICIPALITY
807800000,Biliran,PROVINCE
807801000,Almeria,MUNICIPALITY
807802000,Biliran,MUNICIPALITY
807803000,Cabucgayan,MUNICIPALITY
807804000,Caibiran,MUNICIPALITY
807805000,Culaba,MUNICIPALITY
807806000,Kawayan,MUNICIPALITY
807807000,Maripipi,MUNICIPALITY
807808000,Naval ,MUNICIPALITY
831600000,City of Tacloban ,HUC
900000000,Region IX (Zamboanga Peninsula),REGION
906600000,Sulu,PROVINCE
906601000,Indanan,MUNICIPALITY
906602000,Jolo ,MUNICIPALITY
906603000,Kalingalan Caluang,MUNICIPALITY
906604000,Luuk,MUNICIPALITY
906605000,Maimbung,MUNICIPALITY
906606000,Hadji Panglima Tahil,MUNICIPALITY
906607000,Old Panamao,MUNICIPALITY
906608000,Pangutaran,MUNICIPALITY
906609000,Parang,MUNICIPALITY
906610000,Pata,MUNICIPALITY
906611000,Patikul,MUNICIPALITY
906612000,Siasi,MUNICIPALITY
906613000,Talipao,MUNICIPALITY
906614000,Tapul,MUNICIPALITY
906615000,Tongkil,MUNICIPALITY
906616000,Panglima Estino,MUNICIPALITY
906617000,Lugus,MUNICIPALITY
906618000,Pandami,MUNICIPALITY
906619000,Omar,MUNICIPALITY
907200000,Zamboanga del Norte,PROVINCE
907201000,City of Dapitan,CITY
907202000,City of Dipolog ,CITY
907203000,Katipunan,MUNICIPALITY
907204000,La Libertad,MUNICIPALITY
907205000,Labason,MUNICIPALITY
907206000,Liloy,MUNICIPALITY
907207000,Manukan,MUNICIPALITY
907208000,Mutia,MUNICIPALITY
907209000,Piñan,MUNICIPALITY
907210000,Polanco,MUNICIPALITY
907211000,Pres. Manuel A. Roxas,MUNICIPALITY
907212000,Rizal,MUNICIPALITY
907213000,Salug,MUNICIPALITY
907214000,Sergio Osmeña Sr.,MUNICIPALITY
907215000,Siayan,MUNICIPALITY
907216000,Sibuco,MUNICIPALITY
907217000,Sibutad,MUNICIPALITY
907218000,Sindangan,MUNICIPALITY
907219000,Siocon,MUNICIPALITY
907220000,Sirawai,MUNICIPALITY
907221000,Tampilisan,MUNICIPALITY
907222000,Jose Dalman,MUNICIPALITY
907223000,Gutalac,MUNICIPALITY
907224000,Baliguian,MUNICIPALITY
907225000,Godod,MUNICIPALITY
907226000,Leon T. Postigo,MUNICIPALITY
907227000,Kalawit,MUNICIPALITY
907300000,Zamboanga del Sur,PROVINCE
907302000,Aurora,MUNICIPALITY
907303000,Bayog,MUNICIPALITY
907305000,Dimataling,MUNICIPALITY
907306000,Dinas,MUNICIPALITY
907307000,Dumalinao,MUNICIPALITY
907308000,Dumingag,MUNICIPALITY
907311000,Kumalarang,MUNICIPALITY
907312000,Labangan,MUNICIPALITY
907313000,Lapuyan,MUNICIPALITY
907315000,Mahayag,MUNICIPALITY
907317000,Margosatubig,MUNICIPALITY
907318000,Midsalip,MUNICIPALITY
907319000,Molave,MUNICIPALITY
907322000,City of Pagadian ,CITY
907323000,Ramon Magsaysay,MUNICIPALITY
907324000,San Miguel,MUNICIPALITY
907325000,San Pablo,MUNICIPALITY
907327000,Tabina,MUNICIPALITY
907328000,Tambulig,MUNICIPALITY
907330000,Tukuran,MUNICIPALITY
907333000,Lakewood,MUNICIPALITY
907337000,Josefina,MUNICIPALITY
907338000,Pitogo,MUNICIPALITY
907340000,Sominot,MUNICIPALITY
907341000,Vincenzo A. Sagun,MUNICIPALITY
907343000,Guipos,MUNICIPALITY
907344000,Tigbao,MUNICIPALITY
908300000,Zamboanga Sibugay,PROVINCE
908301000,Alicia,MUNICIPALITY
908302000,Buug,MUNICIPALITY
908303000,Diplahan,MUNICIPALITY
908304000,Imelda,MUNICIPALITY
908305000,Ipil ,MUNICIPALITY
908306000,Kabasalan,MUNICIPALITY
908307000,Mabuhay,MUNICIPALITY
908308000,Malangas,MUNICIPALITY
908309000,Naga,MUNICIPALITY
908310000,Olutanga,MUNICIPALITY
908311000,Payao,MUNICIPALITY
908312000,Roseller Lim,MUNICIPALITY
908313000,Siay,MUNICIPALITY
908314000,Talusan,MUNICIPALITY
908315000,Titay,MUNICIPALITY
908316000,Tungawan,MUNICIPALITY
990100000,City of Isabela (Not a Province),
990101000,City of Isabela,CITY
931700000,City of Zamboanga,HUC
1000000000,Region X (Northern Mindanao),REGION
1001300000,Bukidnon,PROVINCE
1001301000,Baungon,MUNICIPALITY
1001302000,Damulog,MUNICIPALITY
1001303000,Dangcagan,MUNICIPALITY
1001304000,Don Carlos,MUNICIPALITY
1001305000,Impasug-ong,MUNICIPALITY
1001306000,Kadingilan,MUNICIPALITY
1001307000,Kalilangan,MUNICIPALITY
1001308000,Kibawe,MUNICIPALITY
1001309000,Kitaotao,MUNICIPALITY
1001310000,Lantapan,MUNICIPALITY
1001311000,Libona,MUNICIPALITY
1001312000,City of Malaybalay ,CITY
1001313000,Malitbog,MUNICIPALITY
1001314000,Manolo Fortich,MUNICIPALITY
1001315000,Maramag,MUNICIPALITY
1001316000,Pangantucan,MUNICIPALITY
1001317000,Quezon,MUNICIPALITY
1001318000,San Fernando,MUNICIPALITY
1001319000,Sumilao,MUNICIPALITY
1001320000,Talakag,MUNICIPALITY
1001321000,City of Valencia,CITY
1001322000,Cabanglasan,MUNICIPALITY
1001800000,Camiguin,PROVINCE
1001801000,Catarman,MUNICIPALITY
1001802000,Guinsiliban,MUNICIPALITY
1001803000,Mahinog,MUNICIPALITY
1001804000,Mambajao ,MUNICIPALITY
1001805000,Sagay,MUNICIPALITY
1003500000,Lanao del Norte,PROVINCE
1003501000,Bacolod,MUNICIPALITY
1003502000,Baloi,MUNICIPALITY
1003503000,Baroy,MUNICIPALITY
1003505000,Kapatagan,MUNICIPALITY
1003506000,Sultan Naga Dimaporo,MUNICIPALITY
1003507000,Kauswagan,MUNICIPALITY
1003508000,Kolambugan,MUNICIPALITY
1003509000,Lala,MUNICIPALITY
1003510000,Linamon,MUNICIPALITY
1003511000,Magsaysay,MUNICIPALITY
1003512000,Maigo,MUNICIPALITY
1003513000,Matungao,MUNICIPALITY
1003514000,Munai,MUNICIPALITY
1003515000,Nunungan,MUNICIPALITY
1003516000,Pantao Ragat,MUNICIPALITY
1003517000,Poona Piagapo,MUNICIPALITY
1003518000,Salvador,MUNICIPALITY
1003519000,Sapad,MUNICIPALITY
1003520000,Tagoloan,MUNICIPALITY
1003521000,Tangcal,MUNICIPALITY
1003522000,Tubod ,MUNICIPALITY
1003523000,Pantar,MUNICIPALITY
1004200000,Misamis Occidental,PROVINCE
1004201000,Aloran,MUNICIPALITY
1004202000,Baliangao,MUNICIPALITY
1004203000,Bonifacio,MUNICIPALITY
1004204000,Calamba,MUNICIPALITY
1004205000,Clarin,MUNICIPALITY
1004206000,Concepcion,MUNICIPALITY
1004207000,Jimenez,MUNICIPALITY
1004208000,Lopez Jaena,MUNICIPALITY
1004209000,City of Oroquieta ,CITY
1004210000,City of Ozamiz,CITY
1004211000,Panaon,MUNICIPALITY
1004212000,Plaridel,MUNICIPALITY
1004213000,Sapang Dalaga,MUNICIPALITY
1004214000,Sinacaban,MUNICIPALITY
1004215000,City of Tangub,CITY
1004216000,Tudela,MUNICIPALITY
1004217000,Don Victoriano Chiongbian,MUNICIPALITY
1004300000,Misamis Oriental,PROVINCE
1004301000,Alubijid,MUNICIPALITY
1004302000,Balingasag,MUNICIPALITY
1004303000,Balingoan,MUNICIPALITY
1004304000,Binuangan,MUNICIPALITY
1004306000,Claveria,MUNICIPALITY
1004307000,City of El Salvador,CITY
1004308000,City of Gingoog,CITY
1004309000,Gitagum,MUNICIPALITY
1004310000,Initao,MUNICIPALITY
1004311000,Jasaan,MUNICIPALITY
1004312000,Kinoguitan,MUNICIPALITY
1004313000,Lagonglong,MUNICIPALITY
1004314000,Laguindingan,MUNICIPALITY
1004315000,Libertad,MUNICIPALITY
1004316000,Lugait,MUNICIPALITY
1004317000,Magsaysay,MUNICIPALITY
1004318000,Manticao,MUNICIPALITY
1004319000,Medina,MUNICIPALITY
1004320000,Naawan,MUNICIPALITY
1004321000,Opol,MUNICIPALITY
1004322000,Salay,MUNICIPALITY
1004323000,Sugbongcogon,MUNICIPALITY
1004324000,Tagoloan,MUNICIPALITY
1004325000,Talisayan,MUNICIPALITY
1004326000,Villanueva,MUNICIPALITY
1030500000,City of Cagayan De Oro ,HUC
1030900000,City of Iligan,HUC
1100000000,Region XI (Davao Region),REGION
1102300000,Davao del Norte,PROVINCE
1102301000,Asuncion,MUNICIPALITY
1102303000,Carmen,MUNICIPALITY
1102305000,Kapalong,MUNICIPALITY
1102314000,New Corella,MUNICIPALITY
1102315000,City of Panabo,CITY
1102317000,Island Garden City of Samal,CITY
1102318000,Santo Tomas,MUNICIPALITY
1102319000,City of Tagum ,CITY
1102322000,Talaingod,MUNICIPALITY
1102323000,Braulio E. Dujali,MUNICIPALITY
1102324000,San Isidro,MUNICIPALITY
1102400000,Davao del Sur,PROVINCE
1102401000,Bansalan,MUNICIPALITY
1102403000,City of Digos ,CITY
1102404000,Hagonoy,MUNICIPALITY
1102406000,Kiblawan,MUNICIPALITY
1102407000,Magsaysay,MUNICIPALITY
1102408000,Malalag,MUNICIPALITY
1102410000,Matanao,MUNICIPALITY
1102411000,Padada,MUNICIPALITY
1102412000,Santa Cruz,MUNICIPALITY
1102414000,Sulop,MUNICIPALITY
1102500000,Davao Oriental,PROVINCE
1102501000,Baganga,MUNICIPALITY
1102502000,Banaybanay,MUNICIPALITY
1102503000,Boston,MUNICIPALITY
1102504000,Caraga,MUNICIPALITY
1102505000,Cateel,MUNICIPALITY
1102506000,Governor Generoso,MUNICIPALITY
1102507000,Lupon,MUNICIPALITY
1102508000,Manay,MUNICIPALITY
1102509000,City of Mati ,CITY
1102510000,San Isidro,MUNICIPALITY
1102511000,Tarragona,MUNICIPALITY
1108200000,Davao de Oro,PROVINCE
1108201000,Compostela,MUNICIPALITY
1108202000,Laak,MUNICIPALITY
1108203000,Mabini,MUNICIPALITY
1108204000,Maco,MUNICIPALITY
1108205000,Maragusan,MUNICIPALITY
1108206000,Mawab,MUNICIPALITY
1108207000,Monkayo,MUNICIPALITY
1108208000,Montevista,MUNICIPALITY
1108209000,Nabunturan ,MUNICIPALITY
1108210000,New Bataan,MUNICIPALITY
1108211000,Pantukan,MUNICIPALITY
1108600000,Davao Occidental,PROVINCE
1108601000,Don Marcelino,MUNICIPALITY
1108602000,Jose Abad Santos,MUNICIPALITY
1108603000,Malita ,MUNICIPALITY
1108604000,Santa Maria,MUNICIPALITY
1108605000,Sarangani,MUNICIPALITY
1130700000,City of Davao,HUC
1200000000,Region XII (SOCCSKSARGEN),REGION
1204700000,Cotabato,PROVINCE
1204701000,Alamada,MUNICIPALITY
1204702000,Carmen,MUNICIPALITY
1204703000,Kabacan,MUNICIPALITY
1204704000,City of Kidapawan ,CITY
1204705000,Libungan,MUNICIPALITY
1204706000,Magpet,MUNICIPALITY
1204707000,Makilala,MUNICIPALITY
1204708000,Matalam,MUNICIPALITY
1204709000,Midsayap,MUNICIPALITY
1204710000,M'Lang,MUNICIPALITY
1204711000,Pigkawayan,MUNICIPALITY
1204712000,Pikit,MUNICIPALITY
1204713000,President Roxas,MUNICIPALITY
1204714000,Tulunan,MUNICIPALITY
1204715000,Antipas,MUNICIPALITY
1204716000,Banisilan,MUNICIPALITY
1204717000,Aleosan,MUNICIPALITY
1204718000,Arakan,MUNICIPALITY
1206300000,South Cotabato,PROVINCE
1206302000,Banga,MUNICIPALITY
1206306000,City of Koronadal ,CITY
1206311000,Norala,MUNICIPALITY
1206312000,Polomolok,MUNICIPALITY
1206313000,Surallah,MUNICIPALITY
1206314000,Tampakan,MUNICIPALITY
1206315000,Tantangan,MUNICIPALITY
1206316000,T'Boli,MUNICIPALITY
1206317000,Tupi,MUNICIPALITY
1206318000,Santo Niño,MUNICIPALITY
1206319000,Lake Sebu,MUNICIPALITY
1206500000,Sultan Kudarat,PROVINCE
1206501000,Bagumbayan,MUNICIPALITY
1206502000,Columbio,MUNICIPALITY
1206503000,Esperanza,MUNICIPALITY
1206504000,Isulan ,MUNICIPALITY
1206505000,Kalamansig,MUNICIPALITY
1206506000,Lebak,MUNICIPALITY
1206507000,Lutayan,MUNICIPALITY
1206508000,Lambayong,MUNICIPALITY
1206509000,Palimbang,MUNICIPALITY
1206510000,President Quirino,MUNICIPALITY
1206511000,City of Tacurong,CITY
1206512000,Sen. Ninoy Aquino,MUNICIPALITY
1208000000,Sarangani,PROVINCE
1208001000,Alabel ,MUNICIPALITY
1208002000,Glan,MUNICIPALITY
1208003000,Kiamba,MUNICIPALITY
1208004000,Maasim,MUNICIPALITY
1208005000,Maitum,MUNICIPALITY
1208006000,Malapatan,MUNICIPALITY
1208007000,Malungon,MUNICIPALITY
1230800000,City of General Santos,HUC
1600000000,Region XIII (Caraga),REGION
1600200000,Agusan del Norte,PROVINCE
1600201000,Buenavista,MUNICIPALITY
1600203000,City of Cabadbaran,CITY
1600204000,Carmen,MUNICIPALITY
1600205000,Jabonga,MUNICIPALITY
1600206000,Kitcharao,MUNICIPALITY
1600207000,Las Nieves,MUNICIPALITY
1600208000,Magallanes,MUNICIPALITY
1600209000,Nasipit,MUNICIPALITY
1600210000,Santiago,MUNICIPALITY
1600211000,Tubay,MUNICIPALITY
1600212000,Remedios T. Romualdez,MUNICIPALITY
1600300000,Agusan del Sur,PROVINCE
1600301000,City of Bayugan,CITY
1600302000,Bunawan,MUNICIPALITY
1600303000,Esperanza,MUNICIPALITY
1600304000,La Paz,MUNICIPALITY
1600305000,Loreto,MUNICIPALITY
1600306000,Prosperidad ,MUNICIPALITY
1600307000,Rosario,MUNICIPALITY
1600308000,San Francisco,MUNICIPALITY
1600309000,San Luis,MUNICIPALITY
1600310000,Santa Josefa,MUNICIPALITY
1600311000,Talacogon,MUNICIPALITY
1600312000,Trento,MUNICIPALITY
1600313000,Veruela,MUNICIPALITY
1600314000,Sibagat,MUNICIPALITY
1606700000,Surigao del Norte,PROVINCE
1606701000,Alegria,MUNICIPALITY
1606702000,Bacuag,MUNICIPALITY
1606704000,Burgos,MUNICIPALITY
1606706000,Claver,MUNICIPALITY
1606707000,Dapa,MUNICIPALITY
1606708000,Del Carmen,MUNICIPALITY
1606710000,General Luna,MUNICIPALITY
1606711000,Gigaquit,MUNICIPALITY
1606714000,Mainit,MUNICIPALITY
1606715000,Malimono,MUNICIPALITY
1606716000,Pilar,MUNICIPALITY
1606717000,Placer,MUNICIPALITY
1606718000,San Benito,MUNICIPALITY
1606719000,San Francisco,MUNICIPALITY
1606720000,San Isidro,MUNICIPALITY
1606721000,Santa Monica,MUNICIPALITY
1606722000,Sison,MUNICIPALITY
1606723000,Socorro,MUNICIPALITY
1606724000,City of Surigao ,CITY
1606725000,Tagana-An,MUNICIPALITY
1606727000,Tubod,MUNICIPALITY
1606800000,Surigao del Sur,PROVINCE
1606801000,Barobo,MUNICIPALITY
1606802000,Bayabas,MUNICIPALITY
1606803000,City of Bislig,CITY
1606804000,Cagwait,MUNICIPALITY
1606805000,Cantilan,MUNICIPALITY
1606806000,Carmen,MUNICIPALITY
1606807000,Carrascal,MUNICIPALITY
1606808000,Cortes,MUNICIPALITY
1606809000,Hinatuan,MUNICIPALITY
1606810000,Lanuza,MUNICIPALITY
1606811000,Lianga,MUNICIPALITY
1606812000,Lingig,MUNICIPALITY
1606813000,Madrid,MUNICIPALITY
1606814000,Marihatag,MUNICIPALITY
1606815000,San Agustin,MUNICIPALITY
1606816000,San Miguel,MUNICIPALITY
1606817000,Tagbina,MUNICIPALITY
1606818000,Tago,MUNICIPALITY
1606819000,City of Tandag ,CITY
1608500000,Dinagat Islands,PROVINCE
1608501000,Basilisa,MUNICIPALITY
1608502000,Cagdianao,MUNICIPALITY
1608503000,Dinagat,MUNICIPALITY
1608504000,Libjo,MUNICIPALITY
1608505000,Loreto,MUNICIPALITY
1608506000,San Jose ,MUNICIPALITY
1608507000,Tubajon,MUNICIPALITY
1630400000,City of Butuan ,HUC
1900000000,Bangsamoro Autonomous Region In Muslim Mindanao (BARMM),REGION
1900700000,Basilan,PROVINCE
1900702000,City of Lamitan ,CITY
1900703000,Lantawan,MUNICIPALITY
1900704000,Maluso,MUNICIPALITY
1900705000,Sumisip,MUNICIPALITY
1900706000,Tipo-Tipo,MUNICIPALITY
1900707000,Tuburan,MUNICIPALITY
1900708000,Akbar,MUNICIPALITY
1900709000,Al-Barka,MUNICIPALITY
1900710000,Hadji Mohammad Ajul,MUNICIPALITY
1900711000,Ungkaya Pukan,MUNICIPALITY
1900712000,Hadji Muhtamad,MUNICIPALITY
1900713000,Tabuan-Lasa,MUNICIPALITY
1903600000,Lanao del Sur,PROVINCE
1903601000,Bacolod-Kalawi,MUNICIPALITY
1903602000,Balabagan,MUNICIPALITY
1903603000,Balindong,MUNICIPALITY
1903604000,Bayang,MUNICIPALITY
1903605000,Binidayan,MUNICIPALITY
1903606000,Bubong,MUNICIPALITY
1903607000,Butig,MUNICIPALITY
1903609000,Ganassi,MUNICIPALITY
1903610000,Kapai,MUNICIPALITY
1903611000,Lumba-Bayabao,MUNICIPALITY
1903612000,Lumbatan,MUNICIPALITY
1903613000,Madalum,MUNICIPALITY
1903614000,Madamba,MUNICIPALITY
1903615000,Malabang,MUNICIPALITY
1903616000,Marantao,MUNICIPALITY
1903617000,City of Marawi ,CITY
1903618000,Masiu,MUNICIPALITY
1903619000,Mulondo,MUNICIPALITY
1903620000,Pagayawan,MUNICIPALITY
1903621000,Piagapo,MUNICIPALITY
1903622000,Poona Bayabao,MUNICIPALITY
1903623000,Pualas,MUNICIPALITY
1903624000,Ditsaan-Ramain,MUNICIPALITY
1903625000,Saguiaran,MUNICIPALITY
1903626000,Tamparan,MUNICIPALITY
1903627000,Taraka,MUNICIPALITY
1903628000,Tubaran,MUNICIPALITY
1903629000,Tugaya,MUNICIPALITY
1903630000,Wao,MUNICIPALITY
1903631000,Marogong,MUNICIPALITY
1903632000,Calanogas,MUNICIPALITY
1903633000,Buadiposo-Buntong,MUNICIPALITY
1903634000,Maguing,MUNICIPALITY
1903635000,Picong,MUNICIPALITY
1903636000,Lumbayanague,MUNICIPALITY
1903637000,Amai Manabilang,MUNICIPALITY
1903638000,Tagoloan II,MUNICIPALITY
1903639000,Kapatagan,MUNICIPALITY
1903640000,Sultan Dumalondong,MUNICIPALITY
1903641000,Lumbaca-Unayan,MUNICIPALITY
1907000000,Tawi-Tawi,PROVINCE
1907001000,Panglima Sugala,MUNICIPALITY
1907002000,Bongao ,MUNICIPALITY
1907003000,Mapun,MUNICIPALITY
1907004000,Simunul,MUNICIPALITY
1907005000,Sitangkai,MUNICIPALITY
1907006000,South Ubian,MUNICIPALITY
1907007000,Tandubas,MUNICIPALITY
1907008000,Turtle Islands,MUNICIPALITY
1907009000,Languyan,MUNICIPALITY
1907010000,Sapa-Sapa,MUNICIPALITY
1907011000,Sibutu,MUNICIPALITY
1908700000,Maguindanao del Norte,PROVINCE
1908701000,Barira,MUNICIPALITY
1908702000,Buldon,MUNICIPALITY
1908703000,City of Cotabato,CITY
1908704000,Datu Blah T. Sinsuat,MUNICIPALITY
1908705000,Datu Odin Sinsuat,MUNICIPALITY
1908706000,Kabuntalan,MUNICIPALITY
1908707000,Matanog,MUNICIPALITY
1908708000,Northern Kabuntalan,MUNICIPALITY
1908709000,Parang,MUNICIPALITY
1908710000,Sultan Kudarat,MUNICIPALITY
1908711000,Sultan Mastura,MUNICIPALITY
1908712000,Talitay,MUNICIPALITY
1908713000,Upi,MUNICIPALITY
1908800000,Maguindanao del Sur,PROVINCE
1908801000,Ampatuan,MUNICIPALITY
1908802000,Buluan,MUNICIPALITY
1908803000,Datu Abdullah Sangki,MUNICIPALITY
1908804000,Datu Anggal Midtimbang,MUNICIPALITY
1908805000,Datu Hoffer Ampatuan,MUNICIPALITY
1908806000,Datu Paglas,MUNICIPALITY
1908807000,Datu Piang,MUNICIPALITY
1908808000,Datu Salibo,MUNICIPALITY
1908809000,Datu Saudi Ampatuan,MUNICIPALITY
1908810000,Datu Unsay,MUNICIPALITY
1908811000,Gen. S.K. Pendatun,MUNICIPALITY
1908812000,Guindulungan,MUNICIPALITY
1908813000,Mamasapano,MUNICIPALITY
1908814000,Mangudadatu,MUNICIPALITY
1908815000,Pagagawan,MUNICIPALITY
1908816000,Pagalungan,MUNICIPALITY
1908817000,Paglat,MUNICIPALITY
1908818000,Pandag,MUNICIPALITY
1908819000,Rajah Buayan,MUNICIPALITY
1908820000,Shariff Aguak,MUNICIPALITY
1908821000,Shariff Saydona Mustapha,MUNICIPALITY
1908822000,South Upi,MUNICIPALITY
1908823000,Sultan Sa Barongis,MUNICIPALITY
1908824000,Talayan,MUNICIPALITY
1999901000,Kapalawan,MUNICIPALITY
1999902000,Old Kaabakan,MUNICIPALITY
1999903000,Kadayangan,MUNICIPALITY
1999904000,Nabalawag,MUNICIPALITY
1999905000,Pahamuddin,MUNICIPALITY
1999906000,Malidegao,MUNICIPALITY
1999907000,Ligawasan,MUNICIPALITY
1999908000,Tugunan,MUNICIPALITY
